Workbook

Sheet Customers
A1: CustomerID | B1: CustomerName | C1: Gender | D1: AgeGroup | E1: City | F1: State | G1: AcquisitionChannel
A2: CUST0001 | B2: User_1 | C2: Female | D2: 18-24 | E2: Hyderabad | F2: Telangana | G2: Google Search
A3: CUST0002 | B3: User_2 | C3: Female | D3: 45+ | E3: Hyderabad | F3: Telangana | G3: Influencer Collab
A4: CUST0003 | B4: User_3 | C4: Female | D4: 18-24 | E4: Hyderabad | F4: Telangana | G4: Google Search
A5: CUST0004 | B5: User_4 | C5: Female | D5: 35-44 | E5: Bengaluru | F5: Karnataka | G5: Google Search
A6: CUST0005 | B6: User_5 | C6: Female | D6: 45+ | E6: Ahmedabad | F6: Gujarat | G6: Google Search
A7: CUST0006 | B7: User_6 | C7: Female | D7: 25-34 | E7: Kolkata | F7: West Bengal | G7: Influencer Collab
A8: CUST0007 | B8: User_7 | C8: Female | D8: 45+ | E8: Surat | F8: Gujarat | G8: Google Search
A9: CUST0008 | B9: User_8 | C9: Male | D9: 18-24 | E9: New Delhi | F9: Delhi | G9: Google Search
A10: CUST0009 | B10: User_9 | C10: Female | D10: 18-24 | E10: Hyderabad | F10: Telangana | G10: Influencer Collab
A11: CUST0010 | B11: User_10 | C11: Other | D11: 25-34 | E11: Ahmedabad | F11: Gujarat | G11: Influencer Collab
A12: CUST0011 | B12: User_11 | C12: Male | D12: 18-24 | E12: Kolkata | F12: West Bengal | G12: Influencer Collab
... A501: CUST0500 | B501: User_500 | C501: Male | D501: 25-34 | E501: Ahmedabad | F501: Gujarat | G501: Word of Mouth

Sheet Products
A1: ProductID | B1: ProductName | C1: Category | D1: UnitCost_INR | E1: MRP_INR
A2: PRD001 | B2: Vitamin C Glow Serum 30ml | C2: Skincare | D2: 120 | E2: 599
A3: PRD002 | B3: Hyaluronic Acid Water Gel | C3: Skincare | D3: 150 | E3: 499
A4: PRD003 | B4: Kumkumadi Tailam Night Drops | C4: Skincare | D4: 200 | E4: 899
A5: PRD004 | B5: Multani Mitti & Turmeric Face Wash | C5: Skincare | D5: 75 | E5: 299
A6: PRD005 | B6: Niacinamide 10% Blemish Serum | C6: Skincare | D6: 130 | E6: 549
A7: PRD006 | B7: Red Onion Seed Hair Oil 200ml | C7: Haircare | D7: 110 | E7: 399
A8: PRD007 | B8: Bhringraj Anti-Hairfall Shampoo | C8: Haircare | D8: 95 | E8: 349
A9: PRD008 | B9: Rosemary Scalp Stimulating Tonic | C9: Haircare | D9: 160 | E9: 699
A10: PRD009 | B10: Keratin Smoothing Hair Mask | C10: Haircare | D10: 140 | E10: 499
A11: PRD010 | B11: Coffee Exfoliating Body Scrub | C11: Bodycare | D11: 180 | E11: 449
A12: PRD011 | B12: Shea Butter Deep Nourish Lotion | C12: Bodycare | D12: 125 | E12: 399
A13: PRD012 | B13: Oud & Sandalwood Body Wash | C13: Bodycare | D13: 100 | E13: 349
... A16: PRD015 | B16: Kajal / Kohl 24Hr Smudge-proof | C16: Makeup | D16: 45 | E16: 249

Sheet Orders
A1: OrderID | B1: OrderDate | C1: CustomerID | D1: ProductID | E1: Quantity | F1: Unit_Price | G1: MRP_INR | H1: SellingPrice_INR | I1: CouponCode | J1: TotalOrderValue_INR | K1: PaymentMethod | L1: OrderStatus | M1: Cogs
A2: ODR00001 | B2: 2024-12-03 | C2: CUST0118 | D2: PRD005 | E2: 1 | F2: =_xlfn.XLOOKUP(Table1[[#This Row],[ProductID]],Products!A:A,Products!D:D,,0) -> 130 | G2: 549 | H2: 467 | I2: FESTIVE15 | J2: 467 | K2: COD | L2: RTO | M2: =Table1[[#This Row],[Unit_Price]]*Table1[[#This Row],[Quantity]] -> 130
A3: ODR00002 | B3: 2025-01-06 | C3: CUST0205 | D3: PRD013 | E3: 1 | F3: =_xlfn.XLOOKUP(Table1[[#This Row],[ProductID]],Products!A:A,Products!D:D,,0) -> 80 | G3: 499 | H3: 399 | I3: NEW20 | J3: 399 | K3: UPI | L3: Delivered | M3: =Table1[[#This Row],[Unit_Price]]*Table1[[#This Row],[Quantity]] -> 80
A4: ODR00003 | B4: 2025-06-17 | C4: CUST0314 | D4: PRD014 | E4: 2 | F4: =_xlfn.XLOOKUP(Table1[[#This Row],[ProductID]],Products!A:A,Products!D:D,,0) -> 80 | G4: 499 | H4: 499 | I4: NONE | J4: 998 | K4: UPI | L4: Delivered | M4: =Table1[[#This Row],[Unit_Price]]*Table1[[#This Row],[Quantity]] -> 160
A5: ODR00004 | B5: 2025-02-06 | C5: CUST0201 | D5: PRD001 | E5: 1 | F5: =_xlfn.XLOOKUP(Table1[[#This Row],[ProductID]],Products!A:A,Products!D:D,,0) -> 120 | G5: 599 | H5: 509 | I5: FESTIVE15 | J5: 509 | K5: UPI | L5: Delivered | M5: =Table1[[#This Row],[Unit_Price]]*Table1[[#This Row],[Quantity]] -> 120
A6: ODR00005 | B6: 2026-02-28 | C6: CUST0157 | D6: PRD002 | E6: 1 | F6: =_xlfn.XLOOKUP(Table1[[#This Row],[ProductID]],Products!A:A,Products!D:D,,0) -> 150 | G6: 499 | H6: 449 | I6: GLOW10 | J6: 449 | K6: COD | L6: Delivered | M6: =Table1[[#This Row],[Unit_Price]]*Table1[[#This Row],[Quantity]] -> 150
A7: ODR00006 | B7: 2025-01-11 | C7: CUST0089 | D7: PRD002 | E7: 2 | F7: =_xlfn.XLOOKUP(Table1[[#This Row],[ProductID]],Products!A:A,Products!D:D,,0) -> 150 | G7: 499 | H7: 399 | I7: NEW20 | J7: 798 | K7: UPI | L7: Delivered | M7: =Table1[[#This Row],[Unit_Price]]*Table1[[#This Row],[Quantity]] -> 300
A8: ODR00007 | B8: 2025-02-21 | C8: CUST0205 | D8: PRD008 | E8: 1 | F8: =_xlfn.XLOOKUP(Table1[[#This Row],[ProductID]],Products!A:A,Products!D:D,,0) -> 160 | G8: 699 | H8: 699 | I8: NONE | J8: 699 | K8: UPI | L8: Delivered | M8: =Table1[[#This Row],[Unit_Price]]*Table1[[#This Row],[Quantity]] -> 160
A9: ODR00008 | B9: 2024-04-04 | C9: CUST0378 | D9: PRD004 | E9: 1 | F9: =_xlfn.XLOOKUP(Table1[[#This Row],[ProductID]],Products!A:A,Products!D:D,,0) -> 75 | G9: 299 | H9: 239 | I9: NEW20 | J9: 239 | K9: COD | L9: Delivered | M9: =Table1[[#This Row],[Unit_Price]]*Table1[[#This Row],[Quantity]] -> 75
A10: ODR00009 | B10: 2025-06-27 | C10: CUST0263 | D10: PRD011 | E10: 2 | F10: =_xlfn.XLOOKUP(Table1[[#This Row],[ProductID]],Products!A:A,Products!D:D,,0) -> 125 | G10: 399 | H10: 319 | I10: NEW20 | J10: 638 | K10: COD | L10: RTO | M10: =Table1[[#This Row],[Unit_Price]]*Table1[[#This Row],[Quantity]] -> 250
A11: ODR00010 | B11: 2025-11-30 | C11: CUST0482 | D11: PRD002 | E11: 1 | F11: =_xlfn.XLOOKUP(Table1[[#This Row],[ProductID]],Products!A:A,Products!D:D,,0) -> 150 | G11: 499 | H11: 449 | I11: GLOW10 | J11: 449 | K11: Wallets (Paytm/PhonePe) | L11: Delivered | M11: =Table1[[#This Row],[Unit_Price]]*Table1[[#This Row],[Quantity]] -> 150
A12: ODR00011 | B12: 2024-05-03 | C12: CUST0149 | D12: PRD005 | E12: 2 | F12: =_xlfn.XLOOKUP(Table1[[#This Row],[ProductID]],Products!A:A,Products!D:D,,0) -> 130 | G12: 549 | H12: 549 | I12: NONE | J12: 1098 | K12: COD | L12: Delivered | M12: =Table1[[#This Row],[Unit_Price]]*Table1[[#This Row],[Quantity]] -> 260
A13: ODR00012 | B13: 2024-04-20 | C13: CUST0442 | D13: PRD005 | E13: 1 | F13: =_xlfn.XLOOKUP(Table1[[#This Row],[ProductID]],Products!A:A,Products!D:D,,0) -> 130 | G13: 549 | H13: 494 | I13: GLOW10 | J13: 494 | K13: COD | L13: Cancelled | M13: =Table1[[#This Row],[Unit_Price]]*Table1[[#This Row],[Quantity]] -> 130
... A4501: ODR04500 | B4501: 2025-10-01 | C4501: CUST0457 | D4501: PRD002 | E4501: 1 | F4501: =_xlfn.XLOOKUP(Table1[[#This Row],[ProductID]],Products!A:A,Products!D:D,,0) -> 150 | G4501: 499 | H4501: 499 | I4501: NONE | J4501: 499 | K4501: UPI | L4501: Delivered | M4501: =Table1[[#This Row],[Unit_Price]]*Table1[[#This Row],[Quantity]] -> 150
